[
  {
    "Id":1,
    "SellRent":2,
    "Name":"Birla House",
    "PType":"House",
    "BHK":2,
    "FType":"Fully",
    "Price":12000,
    "BuiltArea":1200,
    "CarpetArea":900,
    "Image":"prop-1",
    "Address":"6 Street",
    "Address2":"Golf Course Road",
    "Address3":"Near Bank of America",
    "City":"Atlanta",
    "Description":"Well Maintained builder floor available for rent at prime location. # property features- - 5 mins away from metro station - Gated community - 24*7 security. # property includes- - Big rooms (Cross ventilation & proper sunlight) - Drawing and dining area - Washrooms - Balcony - Modular kitchen - Near gym, market, temple and park - Easy commuting to major destination. Feel free to call With Query.",
    "FloorNo":"3",
    "TotalFloor":"3",
    "AOP":10,
    "Bathrooms":2,
    "MainEntrance":"East",
    "Gated":1,
    "Security":0,
    "Maintenance":300,
    "Posession":"Ready to move",
    "PostedOn":"01-Jan-2019"
  },

  {
    "Id":2,
    "SellRent":2,
    "Name":"Erose Flat",
    "PType":"Apartment",
    "BHK":3,
    "FType":"Unfurnished",
    "Price":5000,
    "BuiltArea":1200,
    "CarpetArea":900,
    "Image":"prop-2",
    "Address":"5 Street",
    "Address2":"Golf Course Road",
    "Address3":"Near Bank of America",
    "City":"New York",
    "Description":"2 BHK, 2 Bathroom, 1 Car Parking",
    "FloorNo":"3",
    "TotalFloor":"3",
    "AOP":10,
    "Bathrooms":2,
    "MainEntrace":"East",
    "Gated":1,
    "Security":0,
    "Maintenance":300,
    "Posession":"Ready to move",
    "PostedOn":"01-Jan-2019"
  },
  {
    "Id":3,
    "SellRent":1,
    "Name":"Gun Hill",
    "PType":"House",
    "BHK":3,
    "FType":"Fully",
    "Price":12000,
    "BuiltArea":1200,
    "CarpetArea":900,
    "Image":"prop-3",
    "Address":"5 Street",
    "Address2":"Golf Course Road",
    "Address3":"Near Bank of America",
    "City":"Canada",
    "Description":"2 BHK, 2 Bathroom, 1 Car Parking",
    "FloorNo":"2",
    "TotalFloor":"3",
    "AOP":5,
    "Bathrooms":2,
    "MainEntrace":"East",
    "Gated":1,
    "Security":0,
    "Maintenance":300,
    "Posession":"Ready to move",
    "PostedOn":"01-Jan-2019"
  },

  {
    "Id":4,
    "SellRent":1,
    "Name":"Macro Home",
    "PType":"Duplex",
    "BHK":4,
    "FType":"Semi",
    "Price":5000,
    "BuiltArea":1200,
    "CarpetArea":900,
    "Image":"prop-4",
    "Address":"15 Street",
    "Address2":"Golf Course Road",
    "Address3":"Near Bank of America",
    "City":"Canada",
    "Description":"2 BHK, 2 Bathroom, 1 Car Parking",
    "FloorNo":"2",
    "TotalFloor":"3",
    "AOP":10,
    "Bathrooms":2,
    "MainEntrace":"East",
    "Gated":1,
    "Security":0,
    "Maintenance":300,
    "Posession":"Ready to move",
    "PostedOn":"01-Jan-2019"
  },
  {
    "Id":5,
    "SellRent":1,
    "Name":"Saint Church Villa",
    "PType":"House",
    "BHK":2,
    "FType":"Semi",
    "Price":12000,
    "BuiltArea":1200,
    "CarpetArea":900,
    "Image":"prop-5",
    "Address":"18 Street",
    "Address2":"Golf Course Road",
    "Address3":"Near Bank of America",
    "City":"New York",
    "Description":"2 BHK, 2 Bathroom, 1 Car Parking",
    "FloorNo":"1",
    "TotalFloor":"3",
    "AOP":10,
    "Bathrooms":2,
    "MainEntrace":"East",
    "Gated":1,
    "Security":0,
    "Maintenance":300,
    "Posession":"Ready to move",
    "PostedOn":"01-Jan-2019"
  },

  {
    "Id":6,
    "SellRent":1,
    "Name":"",
    "PType":"Duplex",
    "BHK":1,
    "FType":"Fully",
    "Price":5000,
    "BuiltArea":1200,
    "CarpetArea":900,
    "Address":"1 Street",
    "Address2":"Golf Course Road",
    "Address3":"Near Bank of America",
    "City":"New York",
    "Description":"2 BHK, 2 Bathroom, 1 Car Parking",
    "FloorNo":"0",
    "TotalFloor":"3",
    "AOP":10,
    "Bathrooms":2,
    "MainEntrace":"East",
    "Gated":1,
    "Security":0,
    "Maintenance":300,
    "Posession":"Ready to move",
    "PostedOn":"01-Jan-2019"
  }
]
